id,first_name,last_name,email,gender,ip_address
1,Far,Andriesse,fandriesse0@amazonaws.com,Male,175.208.154.65
2,Yorker,Rayhill,yrayhill1@squidoo.com,Male,247.146.213.239
3,Joelie,Frackiewicz,jfrackiewicz2@sfgate.com,Female,155.164.133.76
4,Randi,Anfrey,ranfrey3@mac.com,Male,239.168.3.246
5,Marja,McAughtry,mmcaughtry4@google.com.br,Female,129.252.191.215
6,Rosanne,Stephens,rstephens5@macromedia.com,Female,35.213.95.199
7,Cathi,Gerrans,cgerrans6@adobe.com,Female,4.74.225.82
8,Melessa,McNamee,mmcnamee7@imgur.com,Female,99.137.99.115
9,Matthew,McKeighen,mmckeighen8@paginegialle.it,Genderfluid,4.115.49.52
10,Aland,Innocent,ainnocent9@over-blog.com,Male,114.134.73.46
11,Levon,Omrod,lomroda@oracle.com,Male,219.168.29.51
12,Lyon,Iacovo,liacovob@earthlink.net,Male,109.17.192.2
13,Umeko,Walhedd,uwalheddc@newyorker.com,Agender,41.152.244.177
14,Igor,Macro,imacrod@blogs.com,Male,63.79.214.73
15,Myrvyn,Riding,mridinge@weibo.com,Male,52.115.191.98
16,Hildagard,Morling,hmorlingf@bbb.org,Female,47.214.63.229
17,Margo,Afield,mafieldg@upenn.edu,Female,19.44.140.89
18,Torrance,Menaul,tmenaulh@europa.eu,Agender,251.215.192.6
19,Inigo,Boeck,iboecki@ftc.gov,Male,9.13.159.152
20,Krishnah,Seaton,kseatonj@feedburner.com,Male,241.153.105.125
21,Ashlee,Sarl,asarlk@globo.com,Female,73.14.223.76
22,Dari,Coppens,dcoppensl@nationalgeographic.com,Female,62.9.254.194
23,Kira,Gavagan,kgavaganm@aboutads.info,Female,137.115.144.247
24,Cacilia,Richings,crichingsn@va.gov,Female,106.9.173.243
25,Nata,Robers,nroberso@liveinternet.ru,Female,62.76.250.112
26,Betta,Tomet,btometp@nymag.com,Female,8.71.106.201
27,Etienne,Limprecht,elimprechtq@cmu.edu,Male,178.60.161.76
28,Cord,Gostick,cgostickr@seattletimes.com,Agender,77.195.240.27
29,Marie-jeanne,Bainton,mbaintons@latimes.com,Female,248.206.3.14
30,Angie,Brewse,abrewset@vistaprint.com,Male,247.49.99.247
31,Terry,Durrett,tdurrettu@google.ca,Male,234.102.59.6
32,Clare,Gingel,cgingelv@miitbeian.gov.cn,Female,164.213.223.239
33,Keefer,Richard,krichardw@amazon.co.jp,Male,51.66.12.100
34,Jamie,Avrahamof,javrahamofx@microsoft.com,Female,110.170.50.255
35,Sayres,Wilsee,swilseey@spiegel.de,Male,44.23.119.87
36,Bartie,Strete,bstretez@europa.eu,Male,28.168.187.121
37,Minny,Thake,mthake10@youtube.com,Agender,147.112.213.122
38,Ermengarde,Seivertsen,eseivertsen11@nature.com,Female,132.223.39.26
39,Billye,Baddeley,bbaddeley12@google.it,Female,50.103.90.99
40,Marve,Rundle,mrundle13@etsy.com,Male,10.35.111.75
41,Merrily,Halahan,mhalahan14@constantcontact.com,Female,230.4.230.181
42,Bancroft,Dumingos,bdumingos15@networksolutions.com,Male,5.37.60.182
43,Seth,Richmond,srichmond16@naver.com,Male,73.204.55.131
44,Mattheus,Hick,mhick17@indiegogo.com,Male,217.59.234.116
45,Alikee,Vannuccinii,avannuccinii18@typepad.com,Female,77.97.9.79
46,Beaufort,Rollings,brollings19@upenn.edu,Male,18.56.136.86
47,Agace,O'Monahan,aomonahan1a@joomla.org,Female,27.23.59.215
48,Donella,Mitham,dmitham1b@unc.edu,Female,100.67.180.174
49,Pippo,Tramel,ptramel1c@amazon.de,Male,71.66.236.47
50,Gerrilee,Gainor,ggainor1d@china.com.cn,Female,26.151.171.33
51,Skipton,Seid,sseid1e@webeden.co.uk,Male,160.223.77.17
52,Michaelina,MacKibbon,mmackibbon1f@sina.com.cn,Female,39.160.111.196
53,Jaclyn,Chaff,jchaff1g@free.fr,Female,99.151.50.29
54,Hoyt,Banfield,hbanfield1h@statcounter.com,Male,134.45.172.95
55,Gerhard,Brinson,gbrinson1i@wikispaces.com,Male,91.16.223.200
56,Kissie,Ravenscroftt,kravenscroftt1j@gnu.org,Female,231.99.217.180
57,Rhiamon,Andrini,randrini1k@techcrunch.com,Agender,184.8.57.226
58,Klarrisa,Harrismith,kharrismith1l@zdnet.com,Female,86.138.35.206
59,Alecia,Gooder,agooder1m@blogs.com,Female,117.252.198.22
60,Vere,Le Galle,vlegalle1n@latimes.com,Female,211.96.210.120
61,Chalmers,Sumers,csumers1o@drupal.org,Male,97.114.82.90
62,Micheal,Feare,mfeare1p@google.de,Non-binary,171.0.199.0
63,Bria,Poynser,bpoynser1q@google.it,Female,131.176.177.112
64,Celestyna,Rawes,crawes1r@indiatimes.com,Female,138.164.84.137
65,Jennine,Masham,jmasham1s@washington.edu,Female,190.117.99.106
66,Waylan,Seeking,wseeking1t@acquirethisname.com,Genderfluid,54.161.25.181
67,Lindsay,Tolson,ltolson1u@disqus.com,Female,106.39.218.28
68,Benedetta,Dealy,bdealy1v@google.ca,Female,254.4.61.25
69,Evan,Klimczak,eklimczak1w@auda.org.au,Male,25.52.78.99
70,Sybyl,Pree,spree1x@auda.org.au,Female,17.80.66.50
71,Roderic,Shirer,rshirer1y@archive.org,Male,114.196.63.14
72,Chrissy,Bleasdale,cbleasdale1z@google.ru,Female,150.163.103.253
73,Jules,Woodfine,jwoodfine20@wordpress.org,Male,86.180.84.14
74,Merwyn,Pavlovsky,mpavlovsky21@yolasite.com,Male,209.5.182.116
75,Jammie,Scalia,jscalia22@un.org,Female,55.201.11.82
76,Arlana,McGinley,amcginley23@indiegogo.com,Female,202.123.99.240
77,Trina,Early,tearly24@qq.com,Female,104.94.149.223
78,Bordie,Giacomucci,bgiacomucci25@surveymonkey.com,Agender,200.54.246.74
79,Lari,Falkner,lfalkner26@elegantthemes.com,Female,98.241.123.66
80,Berny,Ecclestone,becclestone27@cocolog-nifty.com,Non-binary,81.243.107.60
81,Averyl,Somerville,asomerville28@i2i.jp,Female,42.181.242.197
82,Cris,MacPeice,cmacpeice29@purevolume.com,Male,126.37.89.224
83,Matelda,Tocher,mtocher2a@mozilla.org,Female,123.176.99.247
84,Rem,Deakin,rdeakin2b@va.gov,Male,32.25.37.244
85,Florrie,Stout,fstout2c@ycombinator.com,Female,100.103.39.80
86,Berti,Honeywood,bhoneywood2d@army.mil,Male,197.142.130.150
87,Gustie,Wiggin,gwiggin2e@e-recht24.de,Female,117.135.237.199
88,Antonia,Budden,abudden2f@eventbrite.com,Female,95.249.114.229
89,Claudian,Cicchetto,ccicchetto2g@businessweek.com,Genderfluid,37.118.211.227
90,Bank,Backshall,bbackshall2h@skyrock.com,Male,215.134.189.110
91,Devin,Scotts,dscotts2i@skyrock.com,Female,61.108.10.151
92,Jeremias,Moncreif,jmoncreif2j@dmoz.org,Male,64.145.157.103
93,Anna-diane,Frosch,afrosch2k@kickstarter.com,Female,151.231.176.199
94,Bobinette,Vinter,bvinter2l@nhs.uk,Female,110.178.131.198
95,Nanete,Burke,nburke2m@blogspot.com,Female,158.54.246.27
96,Noami,McCrow,nmccrow2n@arstechnica.com,Female,98.86.63.183
97,Dorris,Tinline,dtinline2o@sfgate.com,Female,118.69.91.176
98,Thomas,Phittiplace,tphittiplace2p@nytimes.com,Male,148.147.188.38
99,Brant,Caltera,bcaltera2q@unc.edu,Male,1.244.177.16
100,Beatrix,Pietroni,bpietroni2r@slashdot.org,Female,104.57.72.110
101,Cale,Strowger,cstrowger2s@drupal.org,Male,153.53.171.242
102,Enos,Rispin,erispin2t@wix.com,Male,240.137.230.132
103,Daryn,Bushaway,dbushaway2u@java.com,Female,117.166.46.102
104,Sarene,Seegar,sseegar2v@telegraph.co.uk,Female,176.216.165.34
105,Adelaida,Birtchnell,abirtchnell2w@people.com.cn,Female,110.30.17.213
106,Wells,Bissatt,wbissatt2x@joomla.org,Male,146.130.164.252
107,Sutton,Duplock,sduplock2y@dedecms.com,Male,7.244.71.234
108,Petra,Sapp,psapp2z@storify.com,Female,52.94.46.24
109,Cody,Brise,cbrise30@mozilla.com,Male,17.252.201.92
110,Annissa,Steuhlmeyer,asteuhlmeyer31@huffingtonpost.com,Bigender,74.135.15.206
111,Dalt,McNab,dmcnab32@unesco.org,Male,70.131.167.17
112,Joseph,Tupling,jtupling33@xinhuanet.com,Polygender,57.162.103.53
113,Giuseppe,Conklin,gconklin34@about.com,Male,118.31.108.99
114,Lauren,Ezzle,lezzle35@ftc.gov,Male,104.251.4.90
115,Justin,Meadowcroft,jmeadowcroft36@macromedia.com,Male,1.92.65.166
116,Bernette,Robbel,brobbel37@wp.com,Female,3.35.5.210
117,Delila,Banner,dbanner38@nymag.com,Female,45.77.81.198
118,Shane,Eixenberger,seixenberger39@tinypic.com,Male,193.57.63.146
119,Charyl,Olding,colding3a@hibu.com,Female,138.72.227.91
120,Shari,Ochterlonie,sochterlonie3b@homestead.com,Female,94.65.34.21
121,Bevon,Tremmil,btremmil3c@ucoz.com,Male,71.248.226.77
